Day,RMSTE,RMSRE,Accuracy
Day 19,0.08311942934030886,0.10277011958263887,0.84
