Day,RMSTE,RMSRE,Accuracy
Day 19,0.09553125714271259,0.11280483626709742,0.84
