Day,RMSTE,RMSRE,Accuracy
Day 19,0.10375480956750144,0.12524107407210897,0.82
