Day,RMSTE,RMSRE,Accuracy
Day 19,0.10132976917279911,0.12213770134704355,0.86
