Day,RMSTE,RMSRE,Accuracy
Day 19,0.08381954323083728,0.11214094309537578,0.9
