Day,RMSTE,RMSRE,Accuracy
Day 19,0.08996724428282228,0.11407460551204768,0.88
