Day,RMSTE,RMSRE,Accuracy
Day 19,0.09068876605460928,0.10805732743629737,0.8
