Day,RMSTE,RMSRE,Accuracy
Day 19,0.07288561318034384,0.08961880621353858,0.86
