Day,RMSTE,RMSRE,Accuracy
Day 19,0.09866067535745895,0.12280243435284362,0.86
