Day,RMSTE,RMSRE,Accuracy
Day 19,0.07894972241748412,0.10020807780256466,0.9
