Day,RMSTE,RMSRE,Accuracy
Day 19,0.08054792979072557,0.10222018411801394,0.86
