Day,RMSTE,RMSRE,Accuracy
Day 19,0.09080923273401316,0.11091785189714658,0.94
