Day,RMSTE,RMSRE,Accuracy
Day 19,0.08370852820275186,0.10366974718165764,0.92
