Day,RMSTE,RMSRE,Accuracy
Day 19,0.10026057192900989,0.12046229465284977,0.9
