Day,RMSTE,RMSRE,Accuracy
Day 19,0.08466706223626655,0.10404420126054542,0.94
