Day,RMSTE,RMSRE,Accuracy
Day 19,0.09534442234470022,0.1068412759340755,0.88
