Day,RMSTE,RMSRE,Accuracy
Day 19,0.08258205343243438,0.10523700378669786,0.92
