Day,RMSTE,RMSRE,Accuracy
Day 19,0.09892289718528005,0.11742964702644225,0.9
