Day,RMSTE,RMSRE,Accuracy
Day 19,0.08533659968072241,0.10175207883681162,0.9
