Day,RMSTE,RMSRE,Accuracy
Day 19,0.08365897237181695,0.10466691295182008,0.76
