Day,RMSTE,RMSRE,Accuracy
Day 19,0.08422555942681424,0.10607440757934469,0.92
