Day,RMSTE,RMSRE,Accuracy
Day 19,0.08457048889637682,0.1048412183810333,0.8
