Day,RMSTE,RMSRE,Accuracy
Day 19,0.10193035661463444,0.1268852252074934,0.88
