Day,RMSTE,RMSRE,Accuracy
Day 19,0.08899910750729173,0.10780230803387751,0.9
