Day,RMSTE,RMSRE,Accuracy
Day 19,0.08067910551617134,0.09547850718977069,0.74
