Day,RMSTE,RMSRE,Accuracy
Day 19,0.08900596436464354,0.11321535569585095,0.84
