Day,RMSTE,RMSRE,Accuracy
Day 19,0.0828856028594576,0.10408324925033287,0.82
