Day,RMSTE,RMSRE,Accuracy
Day 19,0.08156250070656221,0.10026457011217406,0.82
