Day,RMSTE,RMSRE,Accuracy
Day 19,0.09279547910135977,0.11327288522247744,0.86
