Day,RMSTE,RMSRE,Accuracy
Day 19,0.10141397478757566,0.12296202503621381,0.88
