Day,RMSTE,RMSRE,Accuracy
Day 19,0.09672156750077104,0.1226901026235623,0.9
