Day,RMSTE,RMSRE,Accuracy
Day 19,0.07626867875858417,0.09294829892196986,0.9
