Day,RMSTE,RMSRE,Accuracy
Day 19,0.07554081892335784,0.09542003523619809,0.84
