Day,RMSTE,RMSRE,Accuracy
Day 19,0.08708360012977912,0.11284933592809446,0.9
