Day,RMSTE,RMSRE,Accuracy
Day 19,0.09038778948272735,0.1074833117755403,0.9
