Day,RMSTE,RMSRE,Accuracy
Day 19,0.07790799996279917,0.09491869211675173,0.88
