Day,RMSTE,RMSRE,Accuracy
Day 19,0.09582706313369306,0.11667642398866425,0.84
