Day,RMSTE,RMSRE,Accuracy
Day 19,0.07880226221808313,0.10135200213931533,0.98
