Day,RMSTE,RMSRE,Accuracy
Day 19,0.08015782636268737,0.10605608382017775,0.76
