Day,RMSTE,RMSRE,Accuracy
Day 19,0.0913963204997168,0.11131740724820226,0.84
