Day,RMSTE,RMSRE,Accuracy
Day 19,0.09734201769318258,0.12092661012102843,0.86
