Day,RMSTE,RMSRE,Accuracy
Day 19,0.09188611653795163,0.11472380802971864,0.92
