Day,RMSTE,RMSRE,Accuracy
Day 19,0.09024425220619933,0.10689106137086517,0.96
