Day,RMSTE,RMSRE,Accuracy
Day 19,0.08562150781721488,0.107493723076106,0.94
