Day,RMSTE,RMSRE,Accuracy
Day 19,0.09059074554243633,0.11018230344199269,1.0
