Day,RMSTE,RMSRE,Accuracy
Day 19,0.0888700674496234,0.10825669574611421,0.94
