Day,RMSTE,RMSRE,Accuracy
Day 19,0.07893277410933341,0.09727188677399602,0.94
