Day,RMSTE,RMSRE,Accuracy
Day 19,0.07622847948067808,0.09555629162329952,0.98
