Day,RMSTE,RMSRE,Accuracy
Day 19,0.07446602258038183,0.08930252528986435,0.82
