Day,RMSTE,RMSRE,Accuracy
Day 19,0.09020493683126149,0.11173490777168879,0.86
