Day,RMSTE,RMSRE,Accuracy
Day 19,0.08566595317733967,0.10664598482314087,0.86
