Day,RMSTE,RMSRE,Accuracy
Day 19,0.08803021943063201,0.11181838506440554,0.82
