Day,RMSTE,RMSRE,Accuracy
Day 19,0.08910451503302932,0.11129036370321574,0.98
