Day,RMSTE,RMSRE,Accuracy
Day 19,0.08485153492549577,0.11414736442105568,0.96
