Day,RMSTE,RMSRE,Accuracy
Day 19,0.09568834632191134,0.11522557615843877,0.94
