Day,RMSTE,RMSRE,Accuracy
Day 19,0.09923404769892374,0.12135573984493647,0.96
