Day,RMSTE,RMSRE,Accuracy
Day 19,0.07407123598594831,0.09443864252606829,0.9
