Day,RMSTE,RMSRE,Accuracy
Day 19,0.09939435011374614,0.11609106182128018,0.9
