Day,RMSTE,RMSRE,Accuracy
Day 19,0.08870067112449719,0.10516005816847622,0.84
