Day,RMSTE,RMSRE,Accuracy
Day 19,0.08577452408082963,0.10224982427618831,0.84
