Day,RMSTE,RMSRE,Accuracy
Day 19,0.09322591913487713,0.11822047206281495,0.86
