Day,RMSTE,RMSRE,Accuracy
Day 19,0.0756232080955207,0.09358006506374887,0.96
