Day,RMSTE,RMSRE,Accuracy
Day 19,0.0871356381773602,0.1067046351537268,0.9
