Day,RMSTE,RMSRE,Accuracy
Day 19,0.08525152218313849,0.10132235208410086,0.86
