Day,RMSTE,RMSRE,Accuracy
Day 19,0.08911148130173431,0.1117625589313077,0.84
