Day,RMSTE,RMSRE,Accuracy
Day 19,0.06567152217817092,0.08382343610910788,0.7
