Day,RMSTE,RMSRE,Accuracy
Day 19,0.08079332649192215,0.09765190187937288,0.8
