Day,RMSTE,RMSRE,Accuracy
Day 19,0.07729325341159259,0.09617625138368459,0.74
