Day,RMSTE,RMSRE,Accuracy
Day 19,0.08818093768077001,0.10993159191334048,0.66
