Day,RMSTE,RMSRE,Accuracy
Day 19,0.08215551317912735,0.10275664272732409,0.78
