Day,RMSTE,RMSRE,Accuracy
Day 19,0.08960927910332882,0.10923762772792661,0.74
