Day,RMSTE,RMSRE,Accuracy
Day 19,0.07620685556604577,0.10209509118697671,0.72
