Day,RMSTE,RMSRE,Accuracy
Day 19,0.07782515033199103,0.09603009145002658,0.8
