Day,RMSTE,RMSRE,Accuracy
Day 19,0.09814538447031013,0.11706938232379037,0.76
