Day,RMSTE,RMSRE,Accuracy
Day 19,0.0832944508284293,0.1033109322758254,0.68
