Day,RMSTE,RMSRE,Accuracy
Day 19,0.08828702578497229,0.11169847009376704,0.7
