Day,RMSTE,RMSRE,Accuracy
Day 19,0.0905359685417093,0.11201245161294032,0.8
