Day,RMSTE,RMSRE,Accuracy
Day 19,0.08136102243136001,0.09866409607664933,0.84
