Day,RMSTE,RMSRE,Accuracy
Day 19,0.09990978514804304,0.12112912309645868,0.8
