Day,RMSTE,RMSRE,Accuracy
Day 19,0.09146973183477627,0.11330037401143014,0.8
