Day,RMSTE,RMSRE,Accuracy
Day 19,0.08551078502618752,0.1093906325270135,0.8
