Day,RMSTE,RMSRE,Accuracy
Day 19,0.0845796243246774,0.10189367863777818,0.84
