Day,RMSTE,RMSRE,Accuracy
Day 19,0.09575457942117371,0.11915183167038682,0.82
