Day,RMSTE,RMSRE,Accuracy
Day 19,0.07622626770358397,0.09605331592128634,0.64
