Day,RMSTE,RMSRE,Accuracy
Day 19,0.08555638563991291,0.1165114663501046,0.74
