Day,RMSTE,RMSRE,Accuracy
Day 19,0.08505336528385411,0.10359939693323864,0.74
