Day,RMSTE,RMSRE,Accuracy
Day 19,0.08425147876052229,0.0999789013246482,0.7
