Day,RMSTE,RMSRE,Accuracy
Day 19,0.08431022241249002,0.10655904205047191,0.68
