Day,RMSTE,RMSRE,Accuracy
Day 19,0.07606364643580418,0.09952343276132404,0.5
