Day,RMSTE,RMSRE,Accuracy
Day 19,0.080864511048452,0.09637248892192912,0.74
