Day,RMSTE,RMSRE,Accuracy
Day 19,0.09033488187733758,0.11152211184803548,0.88
