Day,RMSTE,RMSRE,Accuracy
Day 19,0.10505066093415896,0.1294229135307013,0.88
