Day,RMSTE,RMSRE,Accuracy
Day 19,0.07068185145537385,0.09088595625317887,0.8
