Day,RMSTE,RMSRE,Accuracy
Day 19,0.08246285576394628,0.09748268096001862,0.8
