Day,RMSTE,RMSRE,Accuracy
Day 19,0.07934394073547647,0.09670165265024983,0.76
