Day,RMSTE,RMSRE,Accuracy
Day 19,0.07713958399232095,0.09855567169162925,0.84
