Day,RMSTE,RMSRE,Accuracy
Day 19,0.10004818084765105,0.12288591392130653,0.88
