Day,RMSTE,RMSRE,Accuracy
Day 19,0.07380195749662298,0.0941671653336262,0.7
