Day,RMSTE,RMSRE,Accuracy
Day 19,0.09854192352134393,0.12066185136304851,0.8
