Day,RMSTE,RMSRE,Accuracy
Day 19,0.0775193451042482,0.0986927814704907,0.82
