Day,RMSTE,RMSRE,Accuracy
Day 19,0.078011530559186,0.09802310790518615,0.82
