Day,RMSTE,RMSRE,Accuracy
Day 19,0.07443562565660196,0.09462785226188249,0.6
