Day,RMSTE,RMSRE,Accuracy
Day 19,0.08762570908688322,0.11505395227253531,0.76
