Day,RMSTE,RMSRE,Accuracy
Day 19,0.08641021049386974,0.10715333856428635,0.76
