Day,RMSTE,RMSRE,Accuracy
Day 19,0.09260206290084814,0.11371364230158755,0.86
