Day,RMSTE,RMSRE,Accuracy
Day 19,0.0785659714979502,0.0971979657578895,0.7
