Day,RMSTE,RMSRE,Accuracy
Day 19,0.08430017106709893,0.10320676492913532,0.62
