Day,RMSTE,RMSRE,Accuracy
Day 19,0.0948502657222017,0.11515193488213037,0.8
