Day,RMSTE,RMSRE,Accuracy
Day 19,0.09867262440336508,0.11875738764280865,0.8
