Day,RMSTE,RMSRE,Accuracy
Day 19,0.0834943068271557,0.1068404164223481,0.78
