Day,RMSTE,RMSRE,Accuracy
Day 19,0.07213212020971987,0.08881813546439643,0.72
