Day,RMSTE,RMSRE,Accuracy
Day 19,0.08558623710706348,0.10791778236154068,0.76
