Day,RMSTE,RMSRE,Accuracy
Day 19,0.06974649511320193,0.08752534138823335,0.8
