Day,RMSTE,RMSRE,Accuracy
Day 19,0.09064829438626884,0.10874543039305598,0.94
