Day,RMSTE,RMSRE,Accuracy
Day 19,0.10258228098768139,0.118213155917961,0.72
