Day,RMSTE,RMSRE,Accuracy
Day 19,0.07621988759192161,0.08864844273543686,0.72
