Day,RMSTE,RMSRE,Accuracy
Day 19,0.08828504261173585,0.10923915366126097,0.9
