Day,RMSTE,RMSRE,Accuracy
Day 19,0.0866322108410376,0.10991715069887226,0.76
