Day,RMSTE,RMSRE,Accuracy
Day 19,0.0924897965743712,0.1102479942923768,0.72
