Day,RMSTE,RMSRE,Accuracy
Day 19,0.09777777600388421,0.11929955112220864,0.82
