Day,RMSTE,RMSRE,Accuracy
Day 19,0.0917499782767329,0.110428349631679,0.82
