Day,RMSTE,RMSRE,Accuracy
Day 19,0.08892597267910637,0.11108169654899573,0.86
