Day,RMSTE,RMSRE,Accuracy
Day 19,0.08068166688733036,0.09752800459511597,0.82
