Day,RMSTE,RMSRE,Accuracy
Day 19,0.0971675755076385,0.12389024870457634,0.72
