Day,RMSTE,RMSRE,Accuracy
Day 19,0.08910856975017625,0.11562383781639919,0.78
