Day,RMSTE,RMSRE,Accuracy
Day 19,0.09289016229894811,0.11988146136308299,0.8
