Day,RMSTE,RMSRE,Accuracy
Day 19,0.09332196552757903,0.11305889970256833,0.8
