Day,RMSTE,RMSRE,Accuracy
Day 19,0.09636927199076754,0.11445675434183807,0.76
