Day,RMSTE,RMSRE,Accuracy
Day 19,0.08369172730500044,0.1084831705964568,0.72
