Day,RMSTE,RMSRE,Accuracy
Day 19,0.08379167652339499,0.10335860328672988,0.9
