Day,RMSTE,RMSRE,Accuracy
Day 19,0.08184759688223073,0.100410003651472,0.68
