Day,RMSTE,RMSRE,Accuracy
Day 19,0.08171170960798455,0.10622807596231543,0.86
