Day,RMSTE,RMSRE,Accuracy
Day 19,0.07841408522673607,0.09596742142074409,0.78
