Day,RMSTE,RMSRE,Accuracy
Day 19,0.07578199967887325,0.09899288279224297,0.76
