Day,RMSTE,RMSRE,Accuracy
Day 19,0.07558354869446918,0.09474802827857144,0.68
