Day,RMSTE,RMSRE,Accuracy
Day 19,0.08682485864984711,0.11029824317038685,0.8
