Day,RMSTE,RMSRE,Accuracy
Day 19,0.09021223559379639,0.11015141537650991,0.86
