Day,RMSTE,RMSRE,Accuracy
Day 19,0.08019221086088575,0.1005476292638486,0.9
