Day,RMSTE,RMSRE,Accuracy
Day 19,0.09122925568922334,0.11048149086075512,0.92
