Day,RMSTE,RMSRE,Accuracy
Day 19,0.10322517920580446,0.12386392485921488,0.86
