Day,RMSTE,RMSRE,Accuracy
Day 19,0.08111554320209358,0.09912106809305724,0.84
