Day,RMSTE,RMSRE,Accuracy
Day 19,0.10529658860986053,0.12231363997096183,0.86
