Day,RMSTE,RMSRE,Accuracy
Day 19,0.09980626592503025,0.1156988645247929,0.82
