Day,RMSTE,RMSRE,Accuracy
Day 19,0.09447320865304433,0.11386354562628469,0.9
