Day,RMSTE,RMSRE,Accuracy
Day 19,0.08377840051357999,0.10053732451897336,0.9
