Day,RMSTE,RMSRE,Accuracy
Day 19,0.09354577991029203,0.11217847311686702,0.98
