Day,RMSTE,RMSRE,Accuracy
Day 19,0.08466069455759394,0.10122344178371703,0.86
