Day,RMSTE,RMSRE,Accuracy
Day 19,0.09294780322361085,0.11334190412369827,0.92
