Day,RMSTE,RMSRE,Accuracy
Day 19,0.06561015953423832,0.0830125524087987,0.92
