Day,RMSTE,RMSRE,Accuracy
Day 19,0.09485358222344527,0.11386137115538036,0.92
