Day,RMSTE,RMSRE,Accuracy
Day 19,0.0927510470250398,0.11123519171674227,0.92
