Day,RMSTE,RMSRE,Accuracy
Day 19,0.08140099762143263,0.0979266327743121,0.92
