Day,RMSTE,RMSRE,Accuracy
Day 19,0.09361333810215644,0.11039073788927792,0.88
