Day,RMSTE,RMSRE,Accuracy
Day 19,0.09347818197852224,0.11709998162194422,0.88
