Day,RMSTE,RMSRE,Accuracy
Day 19,0.09868788106434154,0.11606475473453724,0.86
