Day,RMSTE,RMSRE,Accuracy
Day 19,0.08132278842515667,0.09844311562682599,0.86
