Day,RMSTE,RMSRE,Accuracy
Day 19,0.08648367165558506,0.11007066481079623,0.84
