Day,RMSTE,RMSRE,Accuracy
Day 19,0.08546915687210285,0.10284882054520517,0.88
