Day,RMSTE,RMSRE,Accuracy
Day 19,0.09246966235391932,0.11398309252113847,0.84
