Day,RMSTE,RMSRE,Accuracy
Day 19,0.09206537270115762,0.11409059247431153,0.88
