Day,RMSTE,RMSRE,Accuracy
Day 19,0.08206859966747428,0.0983469417164445,0.82
