Day,RMSTE,RMSRE,Accuracy
Day 19,0.08022771398836238,0.10441067584933413,0.74
