Day,RMSTE,RMSRE,Accuracy
Day 19,0.07020883879111045,0.08625620257924607,0.86
