Day,RMSTE,RMSRE,Accuracy
Day 19,0.08698653344186483,0.11067199849961308,0.74
