Day,RMSTE,RMSRE,Accuracy
Day 19,0.0873977179086688,0.10189536646815273,0.86
