Day,RMSTE,RMSRE,Accuracy
Day 19,0.0679023105582519,0.08780504205737971,0.9
