Day,RMSTE,RMSRE,Accuracy
Day 19,0.0849583383005966,0.10075281385955269,0.94
