Day,RMSTE,RMSRE,Accuracy
Day 19,0.08649530031733908,0.11026487864138551,0.8
