Day,RMSTE,RMSRE,Accuracy
Day 19,0.08782242203563133,0.1103603222666162,0.84
