Day,RMSTE,RMSRE,Accuracy
Day 19,0.08466767949914786,0.10348245202793314,0.88
