Day,RMSTE,RMSRE,Accuracy
Day 19,0.08275334039345647,0.10470387759463615,0.82
