Day,RMSTE,RMSRE,Accuracy
Day 19,0.0809576338920967,0.10415258090177103,0.8
