Day,RMSTE,RMSRE,Accuracy
Day 19,0.09817892933747108,0.11515168143468305,0.94
