Day,RMSTE,RMSRE,Accuracy
Day 19,0.08950491962511484,0.10645352212762492,0.84
