Day,RMSTE,RMSRE,Accuracy
Day 19,0.08163738770962746,0.10341454749746719,0.92
