Day,RMSTE,RMSRE,Accuracy
Day 19,0.07994147864460957,0.10547223640862895,0.72
