Day,RMSTE,RMSRE,Accuracy
Day 19,0.07281586735286658,0.09390456981300617,0.86
