Day,RMSTE,RMSRE,Accuracy
Day 19,0.09748743638092996,0.12069054538392514,0.76
