Day,RMSTE,RMSRE,Accuracy
Day 19,0.08343440263431913,0.10550341929988154,0.66
