Day,RMSTE,RMSRE,Accuracy
Day 19,0.07221929269095372,0.0954160714506367,0.58
