Day,RMSTE,RMSRE,Accuracy
Day 19,0.08841511056097648,0.1128433041775619,0.68
