Day,RMSTE,RMSRE,Accuracy
Day 19,0.10393125729300146,0.12529190164509846,0.64
