Day,RMSTE,RMSRE,Accuracy
Day 19,0.09434053853152162,0.11272676026384683,0.56
