Day,RMSTE,RMSRE,Accuracy
Day 19,0.0990070953562561,0.11922513645963725,0.54
