Day,RMSTE,RMSRE,Accuracy
Day 19,0.07681712131588857,0.1020977617156075,0.66
