Day,RMSTE,RMSRE,Accuracy
Day 19,0.1124702221117517,0.1385464818493214,0.66
