Day,RMSTE,RMSRE,Accuracy
Day 19,0.08073569599463,0.10119734127975202,0.8
