Day,RMSTE,RMSRE,Accuracy
Day 19,0.10788109348888067,0.1300058402158899,0.76
