Day,RMSTE,RMSRE,Accuracy
Day 19,0.0958085525334355,0.11515352989521094,0.76
