Day,RMSTE,RMSRE,Accuracy
Day 19,0.09793762258449129,0.12720606730804918,0.7
