Day,RMSTE,RMSRE,Accuracy
Day 19,0.09611631532671579,0.12382905370654448,0.78
