Day,RMSTE,RMSRE,Accuracy
Day 19,0.0844317824918196,0.10227290709937845,0.68
