Day,RMSTE,RMSRE,Accuracy
Day 19,0.10118495889978255,0.11990034807609015,0.6
