Day,RMSTE,RMSRE,Accuracy
Day 19,0.10062593583292882,0.1252814482947303,0.64
