Day,RMSTE,RMSRE,Accuracy
Day 19,0.08795025076647357,0.11317948131386793,0.6
