Day,RMSTE,RMSRE,Accuracy
Day 19,0.08602686510816412,0.10683943523045662,0.72
