Day,RMSTE,RMSRE,Accuracy
Day 19,0.0903137943471667,0.10959751196455715,0.72
