Day,RMSTE,RMSRE,Accuracy
Day 19,0.1008619583283033,0.11933331818460666,0.64
