Day,RMSTE,RMSRE,Accuracy
Day 19,0.09807869512653307,0.12176471539490594,0.7
