Day,RMSTE,RMSRE,Accuracy
Day 19,0.09209079841601076,0.11279155429696583,0.66
