Day,RMSTE,RMSRE,Accuracy
Day 19,0.09108439888545251,0.11487762791414279,0.64
