Day,RMSTE,RMSRE,Accuracy
Day 19,0.09902565137018111,0.1287165427274996,0.66
