Day,RMSTE,RMSRE,Accuracy
Day 19,0.07707389796690071,0.10002590197514323,0.74
