Day,RMSTE,RMSRE,Accuracy
Day 19,0.10185569985983128,0.12107821178390796,0.66
