Day,RMSTE,RMSRE,Accuracy
Day 19,0.09258949358136744,0.10931010671685505,0.7
