Day,RMSTE,RMSRE,Accuracy
Day 19,0.07482821342151871,0.09171953047045336,0.68
