Day,RMSTE,RMSRE,Accuracy
Day 19,0.086474070968254,0.10474601485705937,0.68
