Day,RMSTE,RMSRE,Accuracy
Day 19,0.09339615487241354,0.11461868701583783,0.92
