Day,RMSTE,RMSRE,Accuracy
Day 19,0.08404134818035318,0.10289826227692819,0.82
