Day,RMSTE,RMSRE,Accuracy
Day 19,0.07665598258217558,0.09676982956291459,0.84
