Day,RMSTE,RMSRE,Accuracy
Day 19,0.07718339774277101,0.09702927695345571,0.76
