Day,RMSTE,RMSRE,Accuracy
Day 19,0.08249978813718993,0.09804543471549004,0.68
