Day,RMSTE,RMSRE,Accuracy
Day 19,0.06842189313478977,0.08915753299676102,0.78
