Day,RMSTE,RMSRE,Accuracy
Day 19,0.0838741223883253,0.10380281666874144,0.74
