Day,RMSTE,RMSRE,Accuracy
Day 19,0.089307530146044,0.1092200643316714,0.7
