Day,RMSTE,RMSRE,Accuracy
Day 19,0.08271251519006825,0.09962958363572727,0.82
