Day,RMSTE,RMSRE,Accuracy
Day 19,0.08435657275199333,0.10180930335031926,0.82
