Day,RMSTE,RMSRE,Accuracy
Day 19,0.08263573805587325,0.10734622336035723,0.72
