Day,RMSTE,RMSRE,Accuracy
Day 19,0.09541633302060817,0.11567920479993565,0.82
