Day,RMSTE,RMSRE,Accuracy
Day 19,0.07825642459468697,0.09644985971309468,0.74
