Day,RMSTE,RMSRE,Accuracy
Day 19,0.0765995843272409,0.09869108520370473,0.7
