Day,RMSTE,RMSRE,Accuracy
Day 19,0.09855825316555969,0.12330464132952967,0.84
