Day,RMSTE,RMSRE,Accuracy
Day 19,0.08531844859361257,0.10695472048611444,0.76
