Day,RMSTE,RMSRE,Accuracy
Day 19,0.08712462545733039,0.10672042017235012,0.74
