Day,RMSTE,RMSRE,Accuracy
Day 19,0.08336801250785619,0.10696542039513986,0.84
