Day,RMSTE,RMSRE,Accuracy
Day 19,0.09848738772927133,0.11095511812588112,0.82
