Day,RMSTE,RMSRE,Accuracy
Day 19,0.07062595324355728,0.09276728747800918,0.88
