Day,RMSTE,RMSRE,Accuracy
Day 19,0.08298671223265759,0.10372657566014196,0.78
