Day,RMSTE,RMSRE,Accuracy
Day 19,0.08405838167980306,0.1037188077250765,0.82
