Day,RMSTE,RMSRE,Accuracy
Day 19,0.07618343737736381,0.09342155740207048,0.9
