Day,RMSTE,RMSRE,Accuracy
Day 19,0.06165763836750322,0.07797831409518187,0.78
