Day,RMSTE,RMSRE,Accuracy
Day 19,0.08389425793780766,0.1015245334750815,0.76
