Day,RMSTE,RMSRE,Accuracy
Day 19,0.08350666193177686,0.10339829772575894,0.82
