Day,RMSTE,RMSRE,Accuracy
Day 19,0.07255410931689225,0.09666032372803167,0.68
