Day,RMSTE,RMSRE,Accuracy
Day 19,0.0915308594148571,0.1161457448811602,0.86
