Day,RMSTE,RMSRE,Accuracy
Day 19,0.08158118098731199,0.09784544690527278,0.86
