Day,RMSTE,RMSRE,Accuracy
Day 19,0.06790696623857043,0.08349530278568991,1.0
