Day,RMSTE,RMSRE,Accuracy
Day 19,0.08970907970331082,0.10574669422916178,0.8
