Day,RMSTE,RMSRE,Accuracy
Day 19,0.07591164515704325,0.09940589899848189,0.96
