Day,RMSTE,RMSRE,Accuracy
Day 19,0.06690711999897314,0.08078168114943206,0.88
