Day,RMSTE,RMSRE,Accuracy
Day 19,0.0713108854058358,0.08461891773286788,0.9
