Day,RMSTE,RMSRE,Accuracy
Day 19,0.09898607522289757,0.11568277037929654,0.92
