Day,RMSTE,RMSRE,Accuracy
Day 19,0.08649305655959445,0.10525854565055984,0.9
