Day,RMSTE,RMSRE,Accuracy
Day 19,0.08560144999880971,0.10523510873125765,0.84
