Day,RMSTE,RMSRE,Accuracy
Day 19,0.08049674295755968,0.09879904371125046,0.92
