Day,RMSTE,RMSRE,Accuracy
Day 19,0.09102813811880155,0.11465471040005586,0.8
