Day,RMSTE,RMSRE,Accuracy
Day 19,0.07464776765819997,0.09317111266247766,0.86
