Day,RMSTE,RMSRE,Accuracy
Day 19,0.08630040297757244,0.10589439193101971,0.86
