Day,RMSTE,RMSRE,Accuracy
Day 19,0.08234765033646485,0.09648524270012404,0.86
