Day,RMSTE,RMSRE,Accuracy
Day 19,0.07843948613535878,0.09905705449070816,0.96
