Day,RMSTE,RMSRE,Accuracy
Day 19,0.08073018826849081,0.10355798192075896,0.88
