Day,RMSTE,RMSRE,Accuracy
Day 19,0.07932587187219044,0.09794493468272904,0.86
