Day,RMSTE,RMSRE,Accuracy
Day 19,0.10330444295250933,0.12466970743163694,0.94
