Day,RMSTE,RMSRE,Accuracy
Day 19,0.08450723174383686,0.10703339819372751,0.9
