Day,RMSTE,RMSRE,Accuracy
Day 19,0.09351029299730608,0.11002508751881102,0.86
