Day,RMSTE,RMSRE,Accuracy
Day 19,0.08708304517066377,0.10433515977508605,0.88
