Day,RMSTE,RMSRE,Accuracy
Day 19,0.083218087713376,0.10617526034749707,0.88
