Day,RMSTE,RMSRE,Accuracy
Day 19,0.08843097729126685,0.10462655986133462,0.84
