Day,RMSTE,RMSRE,Accuracy
Day 19,0.08383862658036867,0.1037670445063468,0.86
