Day,RMSTE,RMSRE,Accuracy
Day 19,0.08866235612790126,0.11439385230002201,0.84
