Day,RMSTE,RMSRE,Accuracy
Day 19,0.08344870909539566,0.10864803405027364,0.78
