Day,RMSTE,RMSRE,Accuracy
Day 19,0.08228978487349385,0.10436597512895003,0.94
