Day,RMSTE,RMSRE,Accuracy
Day 19,0.07622837298677015,0.09157260012521318,0.9
