Day,RMSTE,RMSRE,Accuracy
Day 19,0.08780880129489288,0.10596853049803974,0.74
