Day,RMSTE,RMSRE,Accuracy
Day 19,0.08908281622917814,0.1169199911208857,0.76
