Day,RMSTE,RMSRE,Accuracy
Day 19,0.06448744276944443,0.08511220053077251,0.9
