Day,RMSTE,RMSRE,Accuracy
Day 19,0.09173230278546748,0.11528960700959429,0.76
