Day,RMSTE,RMSRE,Accuracy
Day 19,0.08909642673282168,0.11067088481263691,0.88
