Day,RMSTE,RMSRE,Accuracy
Day 19,0.08013710125231635,0.11321694305598555,0.86
