Day,RMSTE,RMSRE,Accuracy
Day 19,0.08897587791711181,0.11132498294233648,0.9
