Day,RMSTE,RMSRE,Accuracy
Day 19,0.06835526491888351,0.0854119543906123,0.84
