Day,RMSTE,RMSRE,Accuracy
Day 19,0.08673547578888041,0.10384917435341491,0.92
