Day,RMSTE,RMSRE,Accuracy
Day 19,0.07760750950061168,0.09614988199306922,0.82
