Day,RMSTE,RMSRE,Accuracy
Day 19,0.0846717187488072,0.10594873611085638,0.7
