Day,RMSTE,RMSRE,Accuracy
Day 19,0.07573818315846632,0.0931879820136858,0.76
