Day,RMSTE,RMSRE,Accuracy
Day 19,0.07654950158461656,0.09237622400680139,0.86
