Day,RMSTE,RMSRE,Accuracy
Day 19,0.07958011486231295,0.09918992950676937,0.68
