Day,RMSTE,RMSRE,Accuracy
Day 19,0.09065573039329884,0.11251540947304224,0.9
