Day,RMSTE,RMSRE,Accuracy
Day 19,0.09000930203643939,0.1129036421388082,0.88
