Day,RMSTE,RMSRE,Accuracy
Day 19,0.08744153674302577,0.11031443076961409,0.9
