Day,RMSTE,RMSRE,Accuracy
Day 19,0.08796665087586698,0.10782410424790516,0.88
