Day,RMSTE,RMSRE,Accuracy
Day 19,0.09112319998043225,0.10972778745094139,0.92
