Day,RMSTE,RMSRE,Accuracy
Day 19,0.08479143248852594,0.10152314230785511,0.84
