Day,RMSTE,RMSRE,Accuracy
Day 19,0.09078503303718524,0.10806567551960276,0.9
