Day,RMSTE,RMSRE,Accuracy
Day 19,0.0753475954803982,0.09474895568594222,0.86
