Day,RMSTE,RMSRE,Accuracy
Day 19,0.09116433827562899,0.11428995337621363,0.86
