Day,RMSTE,RMSRE,Accuracy
Day 19,0.09721776719579332,0.1204642799132065,0.94
