Day,RMSTE,RMSRE,Accuracy
Day 19,0.07992052690043058,0.09250307358117688,0.82
