Day,RMSTE,RMSRE,Accuracy
Day 19,0.0823840641272891,0.09890322730243015,0.88
