Day,RMSTE,RMSRE,Accuracy
Day 19,0.08354032597540798,0.10339703870152382,0.86
