Day,RMSTE,RMSRE,Accuracy
Day 19,0.09237624242053982,0.11112538495206248,0.84
