Day,RMSTE,RMSRE,Accuracy
Day 19,0.09167612643863235,0.1145211445283313,0.96
