Day,RMSTE,RMSRE,Accuracy
Day 19,0.08258850649260374,0.10474795718548208,0.84
