Day,RMSTE,RMSRE,Accuracy
Day 19,0.09301603022883938,0.11111969294272507,0.88
