Day,RMSTE,RMSRE,Accuracy
Day 19,0.08302797193190375,0.10450035957619722,0.88
