Day,RMSTE,RMSRE,Accuracy
Day 19,0.08647454889883081,0.1046666037143249,0.96
