Day,RMSTE,RMSRE,Accuracy
Day 19,0.07314337090985357,0.09031842371269024,0.86
