Day,RMSTE,RMSRE,Accuracy
Day 19,0.08666969358307,0.10674672386932242,0.96
