Day,RMSTE,RMSRE,Accuracy
Day 19,0.09734384599115863,0.11835954018596509,0.78
