Day,RMSTE,RMSRE,Accuracy
Day 19,0.07314584716748958,0.09332686353714696,0.74
