Day,RMSTE,RMSRE,Accuracy
Day 19,0.09481090312206544,0.11073184616385079,0.84
