Day,RMSTE,RMSRE,Accuracy
Day 19,0.07412103816043074,0.09144657743238999,0.92
