Day,RMSTE,RMSRE,Accuracy
Day 19,0.08990888173524234,0.10790183281189945,0.88
