Day,RMSTE,RMSRE,Accuracy
Day 19,0.08164503240664883,0.09821653652013053,0.82
