Day,RMSTE,RMSRE,Accuracy
Day 19,0.07534951371056284,0.09327317407157333,0.84
