Day,RMSTE,RMSRE,Accuracy
Day 19,0.09428128461129318,0.11216078300323266,0.88
