Day,RMSTE,RMSRE,Accuracy
Day 19,0.07625685890917029,0.09435903537406101,0.86
