Day,RMSTE,RMSRE,Accuracy
Day 19,0.09196128549184635,0.10831509880723934,0.8
