Day,RMSTE,RMSRE,Accuracy
Day 19,0.0864329547500355,0.10575014581280237,0.98
