Day,RMSTE,RMSRE,Accuracy
Day 19,0.0778025693570666,0.09908863649846188,0.8
