Day,RMSTE,RMSRE,Accuracy
Day 19,0.1027217313069519,0.119046488907073,0.72
