Day,RMSTE,RMSRE,Accuracy
Day 19,0.08270558650850592,0.10260231499508028,0.84
