Day,RMSTE,RMSRE,Accuracy
Day 19,0.08361280261935641,0.1029213141519829,0.94
