Day,RMSTE,RMSRE,Accuracy
Day 19,0.0729054993038721,0.0925521009548544,0.9
