Day,RMSTE,RMSRE,Accuracy
Day 19,0.09398631532912881,0.11732534986789181,0.94
