Day,RMSTE,RMSRE,Accuracy
Day 19,0.07660348826934357,0.09837576911298268,0.8
