Day,RMSTE,RMSRE,Accuracy
Day 19,0.08720812404857509,0.10605190523516113,0.74
