Day,RMSTE,RMSRE,Accuracy
Day 19,0.0738561801994917,0.09274702812250672,0.76
