Day,RMSTE,RMSRE,Accuracy
Day 19,0.08338853227818709,0.10197426110267127,0.82
