Day,RMSTE,RMSRE,Accuracy
Day 19,0.05911642967024622,0.0775557727368415,0.8
