Day,RMSTE,RMSRE,Accuracy
Day 19,0.08822305658558349,0.11020830390820148,0.64
