Day,RMSTE,RMSRE,Accuracy
Day 19,0.07005968070343413,0.08294852785228761,0.94
