Day,RMSTE,RMSRE,Accuracy
Day 19,0.09092409251521458,0.10980421211736795,0.86
