Day,RMSTE,RMSRE,Accuracy
Day 19,0.08158167968436375,0.09782860062487415,0.92
