Day,RMSTE,RMSRE,Accuracy
Day 19,0.07502557840205247,0.09178969224136024,0.74
