Day,RMSTE,RMSRE,Accuracy
Day 19,0.0828330217250844,0.10103319092443337,0.78
