Day,RMSTE,RMSRE,Accuracy
Day 19,0.09348022085831806,0.11223243653747005,0.82
