Day,RMSTE,RMSRE,Accuracy
Day 19,0.07210469283046202,0.09062373296707407,0.76
