Day,RMSTE,RMSRE,Accuracy
Day 19,0.08245656658032242,0.10816085665009811,0.92
