Day,RMSTE,RMSRE,Accuracy
Day 19,0.07743623822317916,0.09496860605274397,0.76
