Day,RMSTE,RMSRE,Accuracy
Day 19,0.07478998618374195,0.0925478266175192,0.86
