Day,RMSTE,RMSRE,Accuracy
Day 19,0.07449818335135412,0.09257813803800767,0.88
