Day,RMSTE,RMSRE,Accuracy
Day 19,0.07653281053681199,0.09205208811340977,0.88
