Day,RMSTE,RMSRE,Accuracy
Day 19,0.0935059553653801,0.11977248037248932,0.82
