Day,RMSTE,RMSRE,Accuracy
Day 19,0.08294224597065712,0.1066123911792617,0.74
