Day,RMSTE,RMSRE,Accuracy
Day 19,0.09116123482311622,0.10677273761247515,0.62
