Day,RMSTE,RMSRE,Accuracy
Day 19,0.09223691528038375,0.11262624023941763,0.76
