Day,RMSTE,RMSRE,Accuracy
Day 19,0.10264581220983646,0.1335448027238953,0.74
