Day,RMSTE,RMSRE,Accuracy
Day 19,0.10050856713203021,0.12285734623919038,0.7
