Day,RMSTE,RMSRE,Accuracy
Day 19,0.07590377742798247,0.09324300156786185,0.62
