Day,RMSTE,RMSRE,Accuracy
Day 19,0.09493899598437837,0.11871715121960595,0.56
