Day,RMSTE,RMSRE,Accuracy
Day 19,0.07822475850449423,0.10787499485578199,0.54
