Day,RMSTE,RMSRE,Accuracy
Day 19,0.09797555387261145,0.11877720591017206,0.68
