Day,RMSTE,RMSRE,Accuracy
Day 19,0.09062627676142072,0.11409787667883053,0.58
