Day,RMSTE,RMSRE,Accuracy
Day 19,0.0659317499769476,0.08103140190303211,0.7
