Day,RMSTE,RMSRE,Accuracy
Day 19,0.0876102388916136,0.1146866413056832,0.72
