Day,RMSTE,RMSRE,Accuracy
Day 19,0.09919080097493548,0.12312166179593215,0.6
