Day,RMSTE,RMSRE,Accuracy
Day 19,0.08787259013161311,0.107846289613679,0.6
