Day,RMSTE,RMSRE,Accuracy
Day 19,0.09845563300385826,0.12210312912083912,0.6
