Day,RMSTE,RMSRE,Accuracy
Day 19,0.079085343769953,0.10100526485978906,0.7
