Day,RMSTE,RMSRE,Accuracy
Day 19,0.09684750640558057,0.11310332615163493,0.62
