Day,RMSTE,RMSRE,Accuracy
Day 19,0.07769143480790511,0.09864792472535604,0.78
