Day,RMSTE,RMSRE,Accuracy
Day 19,0.09790574780890803,0.12316065980915963,0.6
