Day,RMSTE,RMSRE,Accuracy
Day 19,0.0794557478537396,0.09640704077730179,0.72
