Day,RMSTE,RMSRE,Accuracy
Day 19,0.09737623291480595,0.1189971916137269,0.6
