Day,RMSTE,RMSRE,Accuracy
Day 19,0.09680546714367635,0.12374071238199075,0.58
