Day,RMSTE,RMSRE,Accuracy
Day 19,0.10648641257566037,0.1296480283617818,0.6
