Day,RMSTE,RMSRE,Accuracy
Day 19,0.08687065249147469,0.11379792895949459,0.8
