Day,RMSTE,RMSRE,Accuracy
Day 19,0.10412598633249992,0.12635106115913092,0.52
