Day,RMSTE,RMSRE,Accuracy
Day 19,0.08679441586354794,0.11076323924583813,0.56
