Day,RMSTE,RMSRE,Accuracy
Day 19,0.08064426707370512,0.10308974524672351,0.6
