Day,RMSTE,RMSRE,Accuracy
Day 19,0.09695714261090353,0.11980672386793419,0.76
