Day,RMSTE,RMSRE,Accuracy
Day 19,0.0933388055157861,0.11306661918679026,0.64
