Day,RMSTE,RMSRE,Accuracy
Day 19,0.06971517020259405,0.08652457750853165,0.72
