Day,RMSTE,RMSRE,Accuracy
Day 19,0.09424373024257889,0.11330098108296524,0.6
