Day,RMSTE,RMSRE,Accuracy
Day 19,0.10449226719931395,0.12190520277419802,0.56
