Day,RMSTE,RMSRE,Accuracy
Day 19,0.08803482571050919,0.11345111961171801,0.56
