Day,RMSTE,RMSRE,Accuracy
Day 19,0.0957200419557746,0.12008666921148675,0.7
