Day,RMSTE,RMSRE,Accuracy
Day 19,0.10362732268746772,0.13029200688499207,0.56
