Day,RMSTE,RMSRE,Accuracy
Day 19,0.07899838230440123,0.10302901755522542,0.72
