Day,RMSTE,RMSRE,Accuracy
Day 19,0.08305301665203828,0.10451071662219248,0.6
