Day,RMSTE,RMSRE,Accuracy
Day 19,0.10100987125304586,0.12449710072154395,0.64
