Day,RMSTE,RMSRE,Accuracy
Day 19,0.08524862581702322,0.10736193971018727,0.58
