Day,RMSTE,RMSRE,Accuracy
Day 19,0.09762585525758724,0.11604256602169497,0.64
