Day,RMSTE,RMSRE,Accuracy
Day 19,0.08929227588698795,0.11858078015904745,0.62
