Day,RMSTE,RMSRE,Accuracy
Day 19,0.11394570289090322,0.14323489841920337,0.56
