Day,RMSTE,RMSRE,Accuracy
Day 19,0.09978327030693,0.12275729644510018,0.62
