Day,RMSTE,RMSRE,Accuracy
Day 19,0.10607146782491964,0.1247810271862149,0.56
