Day,RMSTE,RMSRE,Accuracy
Day 19,0.08976070037125516,0.11716312160451113,0.68
