Day,RMSTE,RMSRE,Accuracy
Day 19,0.09091619159670043,0.11049006941252272,0.58
