Day,RMSTE,RMSRE,Accuracy
Day 19,0.09017904734149021,0.11414370984654872,0.58
