Day,RMSTE,RMSRE,Accuracy
Day 19,0.08424012491312462,0.10620046222437146,0.7
