Day,RMSTE,RMSRE,Accuracy
Day 19,0.09702692615772993,0.11912320153751925,0.68
