Day,RMSTE,RMSRE,Accuracy
Day 19,0.08841711791090502,0.10940682060861545,0.56
