Day,RMSTE,RMSRE,Accuracy
Day 19,0.0965270572253833,0.12418670299235815,0.54
