Day,RMSTE,RMSRE,Accuracy
Day 19,0.09222712466809076,0.11313232981579135,0.86
