Day,RMSTE,RMSRE,Accuracy
Day 19,0.08698613416533175,0.10964902503473663,0.86
