Day,RMSTE,RMSRE,Accuracy
Day 19,0.0779700220375159,0.09461306807180721,0.88
