Day,RMSTE,RMSRE,Accuracy
Day 19,0.09770488010891325,0.12349684880184228,0.86
