Day,RMSTE,RMSRE,Accuracy
Day 19,0.0972200001816302,0.11741534486850135,0.96
