Day,RMSTE,RMSRE,Accuracy
Day 19,0.08435969965237723,0.10605633707266793,0.86
