Day,RMSTE,RMSRE,Accuracy
Day 19,0.09186538656418813,0.11612348327260742,0.86
