Day,RMSTE,RMSRE,Accuracy
Day 19,0.09330050787132843,0.11209965748024978,0.84
