Day,RMSTE,RMSRE,Accuracy
Day 19,0.09436118323374584,0.12498413096853148,0.9
