Day,RMSTE,RMSRE,Accuracy
Day 19,0.07996148125395455,0.09976697549713856,0.86
