Day,RMSTE,RMSRE,Accuracy
Day 19,0.08122496719617112,0.0967825697301357,0.96
