Day,RMSTE,RMSRE,Accuracy
Day 19,0.08800486160400349,0.10571214438858814,0.84
