Day,RMSTE,RMSRE,Accuracy
Day 19,0.08231126904518442,0.09530514124932402,0.84
