Day,RMSTE,RMSRE,Accuracy
Day 19,0.07388434592238671,0.09332925248252472,0.88
