Day,RMSTE,RMSRE,Accuracy
Day 19,0.08590178082254332,0.10083836141979023,0.68
