Day,RMSTE,RMSRE,Accuracy
Day 19,0.0797135876387797,0.09314251670336547,0.78
