Day,RMSTE,RMSRE,Accuracy
Day 19,0.10016035222441298,0.12117258184771891,0.84
