Day,RMSTE,RMSRE,Accuracy
Day 19,0.08578647375346715,0.10139550802587659,0.82
