Day,RMSTE,RMSRE,Accuracy
Day 19,0.09816910831417462,0.12024154625488405,0.84
