Day,RMSTE,RMSRE,Accuracy
Day 19,0.11095708764614201,0.1362567838866252,0.86
