Day,RMSTE,RMSRE,Accuracy
Day 19,0.08034459939939582,0.10415473744373156,0.88
