Day,RMSTE,RMSRE,Accuracy
Day 19,0.08061352985444166,0.1002847386702443,0.94
