Day,RMSTE,RMSRE,Accuracy
Day 19,0.09350205143404121,0.11433206327991746,0.96
