Day,RMSTE,RMSRE,Accuracy
Day 19,0.08864406190770281,0.1092770433836037,0.94
