Day,RMSTE,RMSRE,Accuracy
Day 19,0.07487029331811215,0.09488120127704582,0.96
