Day,RMSTE,RMSRE,Accuracy
Day 19,0.08725796645689059,0.10624124395205052,0.8
