Day,RMSTE,RMSRE,Accuracy
Day 19,0.08557878253649542,0.11084458869279222,0.96
