Day,RMSTE,RMSRE,Accuracy
Day 19,0.06664917238938273,0.08145034553958144,0.88
