Day,RMSTE,RMSRE,Accuracy
Day 19,0.09133031095808132,0.11614874723810353,0.88
