Day,RMSTE,RMSRE,Accuracy
Day 19,0.09304213661265029,0.11335014082972765,0.98
