Day,RMSTE,RMSRE,Accuracy
Day 19,0.10213039961950265,0.12226856251186854,0.76
