Day,RMSTE,RMSRE,Accuracy
Day 19,0.08272120254075878,0.10495580817985928,0.9
