Day,RMSTE,RMSRE,Accuracy
Day 19,0.09080584623867588,0.10710609173399116,0.92
