Day,RMSTE,RMSRE,Accuracy
Day 19,0.07766184149163247,0.09525588508548789,0.78
