Day,RMSTE,RMSRE,Accuracy
Day 19,0.07956328002147788,0.09320354818441196,0.9
