Day,RMSTE,RMSRE,Accuracy
Day 19,0.08739960632273812,0.10459039888841867,0.9
