Day,RMSTE,RMSRE,Accuracy
Day 19,0.10465029562533622,0.12902101601396146,0.98
