Day,RMSTE,RMSRE,Accuracy
Day 19,0.08303909690785059,0.10720868289942401,0.96
