Day,RMSTE,RMSRE,Accuracy
Day 19,0.08983010894847335,0.10822665421172474,0.84
