Day,RMSTE,RMSRE,Accuracy
Day 19,0.09438221668916465,0.11441378079647997,0.92
