Day,RMSTE,RMSRE,Accuracy
Day 19,0.09635789066617312,0.1184118675802618,0.92
