Day,RMSTE,RMSRE,Accuracy
Day 19,0.08832608631955087,0.11151625892241293,0.96
