Day,RMSTE,RMSRE,Accuracy
Day 19,0.08986722906707316,0.10687018711283897,0.8
