Day,RMSTE,RMSRE,Accuracy
Day 19,0.07951720132906463,0.09656463943507285,0.9
