Day,RMSTE,RMSRE,Accuracy
Day 19,0.08948169448363232,0.10399688535387128,0.86
