Day,RMSTE,RMSRE,Accuracy
Day 19,0.0908559619712305,0.10982265949473481,0.92
