Day,RMSTE,RMSRE,Accuracy
Day 19,0.09742395808245097,0.12035331654743264,0.96
