Day,RMSTE,RMSRE,Accuracy
Day 19,0.07960481283446141,0.10116612959547544,0.84
