Day,RMSTE,RMSRE,Accuracy
Day 19,0.0903017365446286,0.1099304592924848,0.92
