Day,RMSTE,RMSRE,Accuracy
Day 19,0.09430390773561248,0.11239857337599694,0.9
