Day,RMSTE,RMSRE,Accuracy
Day 19,0.0997647816656205,0.11552235970454441,1.0
