Day,RMSTE,RMSRE,Accuracy
Day 19,0.08042809256355186,0.09924885355411425,0.86
