Day,RMSTE,RMSRE,Accuracy
Day 19,0.08516271008839316,0.10477341094297134,0.74
