Day,RMSTE,RMSRE,Accuracy
Day 19,0.08247406305811945,0.10201056473995242,0.82
