Day,RMSTE,RMSRE,Accuracy
Day 19,0.0753701167000677,0.09311187369411625,0.78
