Day,RMSTE,RMSRE,Accuracy
Day 19,0.07503587093036222,0.09680955802183185,0.76
