Day,RMSTE,RMSRE,Accuracy
Day 19,0.08981387261410329,0.10888185351570669,0.84
