Day,RMSTE,RMSRE,Accuracy
Day 19,0.09994930806530189,0.11898622030071751,0.84
