Day,RMSTE,RMSRE,Accuracy
Day 19,0.08591919300182675,0.1120998119166022,0.92
