Day,RMSTE,RMSRE,Accuracy
Day 19,0.07862236965996175,0.0979908894157159,0.9
