Day,RMSTE,RMSRE,Accuracy
Day 19,0.09413419282569335,0.11103398738504339,0.8
