Day,RMSTE,RMSRE,Accuracy
Day 19,0.0964451077412602,0.11827090342009339,0.8
