Day,RMSTE,RMSRE,Accuracy
Day 19,0.08973026373494052,0.11195106924349292,0.8
