Day,RMSTE,RMSRE,Accuracy
Day 19,0.08201229757205605,0.10514764066317006,0.8
