Day,RMSTE,RMSRE,Accuracy
Day 19,0.0909346741517059,0.1079632305280373,0.88
