Day,RMSTE,RMSRE,Accuracy
Day 19,0.08926239956946574,0.10837912624208525,0.76
