Day,RMSTE,RMSRE,Accuracy
Day 19,0.0799302141754846,0.09701524467222607,0.82
