Day,RMSTE,RMSRE,Accuracy
Day 19,0.07558897488876326,0.09706976354369293,0.74
