Day,RMSTE,RMSRE,Accuracy
Day 19,0.07781063712082886,0.09446370754718059,0.8
