Day,RMSTE,RMSRE,Accuracy
Day 19,0.09070795498240498,0.11313875429424372,0.82
