Day,RMSTE,RMSRE,Accuracy
Day 19,0.09358331367416212,0.11037691916271763,0.84
