Day,RMSTE,RMSRE,Accuracy
Day 19,0.07750216720722652,0.09615879960371551,0.84
