Day,RMSTE,RMSRE,Accuracy
Day 19,0.0715427492018887,0.09823072704246914,0.84
