Day,RMSTE,RMSRE,Accuracy
Day 19,0.09841319761421033,0.11969026094923234,0.74
