Day,RMSTE,RMSRE,Accuracy
Day 19,0.09235182997585563,0.11231758667277439,0.7
