Day,RMSTE,RMSRE,Accuracy
Day 19,0.08568299829066879,0.10467763260968423,0.8
