Day,RMSTE,RMSRE,Accuracy
Day 19,0.08009683812438285,0.10127757253687288,0.88
