Day,RMSTE,RMSRE,Accuracy
Day 19,0.0876522617787166,0.10775892815526603,0.7
