Day,RMSTE,RMSRE,Accuracy
Day 19,0.07446963932977242,0.10069836657757826,0.6
