Day,RMSTE,RMSRE,Accuracy
Day 19,0.08358909075354097,0.10232049387986494,0.82
