Day,RMSTE,RMSRE,Accuracy
Day 19,0.07682009382375066,0.09576918474551763,0.72
