Day,RMSTE,RMSRE,Accuracy
Day 19,0.07991696516322781,0.09946447697403372,0.68
