Day,RMSTE,RMSRE,Accuracy
Day 19,0.09257748507499236,0.11777285866407997,0.76
