Day,RMSTE,RMSRE,Accuracy
Day 19,0.0943523267256244,0.11868104789888106,0.78
