Day,RMSTE,RMSRE,Accuracy
Day 19,0.09835571275256641,0.11950155987264205,0.74
