Day,RMSTE,RMSRE,Accuracy
Day 19,0.08868964042828896,0.11015104027232815,0.8
