Day,RMSTE,RMSRE,Accuracy
Day 19,0.08798075715605201,0.10550440035755827,0.7
