Day,RMSTE,RMSRE,Accuracy
Day 19,0.0830583622717739,0.1032622051226756,0.8
