Day,RMSTE,RMSRE,Accuracy
Day 19,0.09320558706754392,0.11335343398375439,0.7
