Day,RMSTE,RMSRE,Accuracy
Day 19,0.08339494800667029,0.10147699268393465,0.74
