Day,RMSTE,RMSRE,Accuracy
Day 19,0.09169044430619135,0.11077864931090727,0.76
