Day,RMSTE,RMSRE,Accuracy
Day 19,0.08950378430235742,0.11183102482859544,0.66
