Day,RMSTE,RMSRE,Accuracy
Day 19,0.08554510449707554,0.11016954856250744,0.62
