Day,RMSTE,RMSRE,Accuracy
Day 19,0.08918168303401237,0.10683656527505925,0.8
