Day,RMSTE,RMSRE,Accuracy
Day 19,0.08911673941189031,0.1051588417772449,0.66
