Day,RMSTE,RMSRE,Accuracy
Day 19,0.07738771872562503,0.10269222016608692,0.74
