Day,RMSTE,RMSRE,Accuracy
Day 19,0.09651734261379265,0.11994408435141722,0.88
