Day,RMSTE,RMSRE,Accuracy
Day 19,0.09066263669216733,0.10967283232430007,0.86
