Day,RMSTE,RMSRE,Accuracy
Day 19,0.0821921528801798,0.10634148542574788,0.7
