Day,RMSTE,RMSRE,Accuracy
Day 19,0.09172023263929634,0.11442845900747246,0.76
