Day,RMSTE,RMSRE,Accuracy
Day 19,0.08278819043926346,0.10053058313174629,0.84
