Day,RMSTE,RMSRE,Accuracy
Day 19,0.08228897550982044,0.10482880578300034,0.78
