Day,RMSTE,RMSRE,Accuracy
Day 19,0.07264196092543586,0.0886647776468913,0.8
