Day,RMSTE,RMSRE,Accuracy
Day 19,0.08469733839127917,0.09629958252648009,0.8
