Day,RMSTE,RMSRE,Accuracy
Day 19,0.08445872461170478,0.1068766638616381,0.76
