Day,RMSTE,RMSRE,Accuracy
Day 19,0.08677554498543881,0.11319360009270442,0.78
