Day,RMSTE,RMSRE,Accuracy
Day 19,0.07452591433043972,0.09370730186343111,0.76
