Day,RMSTE,RMSRE,Accuracy
Day 19,0.08322200238696159,0.10911690423881404,0.82
