Day,RMSTE,RMSRE,Accuracy
Day 19,0.07935928598088003,0.10403665309813623,0.82
