Day,RMSTE,RMSRE,Accuracy
Day 19,0.08087964742281387,0.10789073059905951,0.66
