Day,RMSTE,RMSRE,Accuracy
Day 19,0.08982591416662974,0.11432892878084586,0.7
