Day,RMSTE,RMSRE,Accuracy
Day 19,0.06966729954450647,0.08625621849944023,0.82
