Day,RMSTE,RMSRE,Accuracy
Day 19,0.09037950994077218,0.11467043371600502,0.78
