Day,RMSTE,RMSRE,Accuracy
Day 19,0.07788802754462044,0.09852526893509193,0.78
