Day,RMSTE,RMSRE,Accuracy
Day 19,0.08018762179401821,0.09933655640896648,0.78
