Day,RMSTE,RMSRE,Accuracy
Day 19,0.0805946848709328,0.10408584390330396,0.88
