Day,RMSTE,RMSRE,Accuracy
Day 19,0.07792695242277294,0.09907892606362055,0.66
