Day,RMSTE,RMSRE,Accuracy
Day 19,0.08712140385229841,0.10430676265744263,0.68
