Day,RMSTE,RMSRE,Accuracy
Day 19,0.09976339955079261,0.11958952692225647,0.64
