Day,RMSTE,RMSRE,Accuracy
Day 19,0.06773003326269911,0.08435802500152777,0.64
