Day,RMSTE,RMSRE,Accuracy
Day 19,0.08599603511391458,0.10386611437032958,0.62
