Day,RMSTE,RMSRE,Accuracy
Day 19,0.07015633237868572,0.08936870137998944,0.84
