Day,RMSTE,RMSRE,Accuracy
Day 19,0.08772041702865441,0.11085554828448552,0.66
