Day,RMSTE,RMSRE,Accuracy
Day 19,0.0720257708299912,0.09040566389944593,0.78
