Day,RMSTE,RMSRE,Accuracy
Day 19,0.09143293700216736,0.11201791204572319,0.8
