Day,RMSTE,RMSRE,Accuracy
Day 0,0.08487954035057683,0.10666819702047618,0.84
