Day,RMSTE,RMSRE,Accuracy
Day 19,0.06854862547494463,0.08734684996250774,0.72
