Day,RMSTE,RMSRE,Accuracy
Day 19,0.08051324419568387,0.10151469961489556,0.82
