Day,RMSTE,RMSRE,Accuracy
Day 19,0.08294513175836857,0.10651130864042214,0.76
