Day,RMSTE,RMSRE,Accuracy
Day 19,0.07510236228917389,0.09456932663746404,0.8
