Day,RMSTE,RMSRE,Accuracy
Day 19,0.09445642653837158,0.11479977345843824,0.86
