Day,RMSTE,RMSRE,Accuracy
Day 19,0.07865793654154354,0.10115141951419077,0.88
