Day,RMSTE,RMSRE,Accuracy
Day 19,0.09904991379412179,0.11755141180284115,0.72
