Day,RMSTE,RMSRE,Accuracy
Day 19,0.07722077915877434,0.09603613062064635,0.72
