Day,RMSTE,RMSRE,Accuracy
Day 19,0.09914505860739613,0.12025779578743165,0.94
