Day,RMSTE,RMSRE,Accuracy
Day 19,0.07694643263745528,0.0976483674615586,0.82
