Day,RMSTE,RMSRE,Accuracy
Day 19,0.08075838041685053,0.1049955852888057,0.84
