Day,RMSTE,RMSRE,Accuracy
Day 19,0.08822126229790064,0.11004060511045559,0.88
