Day,RMSTE,RMSRE,Accuracy
Day 19,0.10280555521913771,0.12650381261774832,0.9
