Day,RMSTE,RMSRE,Accuracy
Day 19,0.09104759064647729,0.10810494384536938,0.8
