Day,RMSTE,RMSRE,Accuracy
Day 19,0.08132874787991559,0.09848885744667617,0.92
