Day,RMSTE,RMSRE,Accuracy
Day 19,0.09495435744318348,0.1120858165848265,0.82
