Day,RMSTE,RMSRE,Accuracy
Day 19,0.08245922204819116,0.10191898026979258,0.86
