Day,RMSTE,RMSRE,Accuracy
Day 19,0.08911319029735179,0.1067496565354629,0.86
