Day,RMSTE,RMSRE,Accuracy
Day 19,0.09016795940595364,0.10852094927788335,0.9
