Day,RMSTE,RMSRE,Accuracy
Day 19,0.09382761405993358,0.11560075771400051,0.82
