Day,RMSTE,RMSRE,Accuracy
Day 19,0.09164731433964254,0.1111285410742744,0.86
