Day,RMSTE,RMSRE,Accuracy
Day 19,0.08305911630835171,0.09965849605230769,0.92
