Day,RMSTE,RMSRE,Accuracy
Day 19,0.076550103716142,0.10144958284095039,0.82
