Day,RMSTE,RMSRE,Accuracy
Day 19,0.07558925280395105,0.0908966225016407,0.84
