Day,RMSTE,RMSRE,Accuracy
Day 19,0.09344634382546295,0.11027256436611597,0.98
