Day,RMSTE,RMSRE,Accuracy
Day 19,0.08809407252078971,0.1077093396252677,0.84
