Day,RMSTE,RMSRE,Accuracy
Day 19,0.06876693386613524,0.08101710978611763,0.84
