Day,RMSTE,RMSRE,Accuracy
Day 19,0.0793833580135212,0.09905484778403381,0.7
