Day,RMSTE,RMSRE,Accuracy
Day 19,0.09318821261181558,0.11041203630068148,0.66
