Day,RMSTE,RMSRE,Accuracy
Day 19,0.07407196298305964,0.09190375495504594,0.7
