Day,RMSTE,RMSRE,Accuracy
Day 19,0.09410203442361949,0.11094805236237067,0.74
