Day,RMSTE,RMSRE,Accuracy
Day 19,0.07074431194383558,0.09429620282456973,0.78
