Day,RMSTE,RMSRE,Accuracy
Day 19,0.09774746952703713,0.12384318176946656,0.76
