Day,RMSTE,RMSRE,Accuracy
Day 19,0.10158190438386187,0.1193761006023109,0.74
