Day,RMSTE,RMSRE,Accuracy
Day 19,0.06722759187377435,0.08770364086638001,0.7
