Day,RMSTE,RMSRE,Accuracy
Day 19,0.07823759334748928,0.09572710827962654,0.66
