Day,RMSTE,RMSRE,Accuracy
Day 19,0.09379550472708142,0.11809533876293629,0.78
