Day,RMSTE,RMSRE,Accuracy
Day 19,0.08541869000353966,0.10712840187648835,0.72
