Day,RMSTE,RMSRE,Accuracy
Day 19,0.07731767792394391,0.09560549920223753,0.86
