Day,RMSTE,RMSRE,Accuracy
Day 19,0.09761124938196374,0.11606890156052345,0.58
