Day,RMSTE,RMSRE,Accuracy
Day 19,0.09270535120470802,0.11131943225728891,0.66
