Day,RMSTE,RMSRE,Accuracy
Day 19,0.08932464509369478,0.10760043922078526,0.7
