Day,RMSTE,RMSRE,Accuracy
Day 19,0.08151662906497358,0.1019288944263101,0.62
