Day,RMSTE,RMSRE,Accuracy
Day 19,0.08331416844855777,0.10376656014163611,0.88
