Day,RMSTE,RMSRE,Accuracy
Day 19,0.09502358688724032,0.11778121775289244,0.62
