Day,RMSTE,RMSRE,Accuracy
Day 19,0.08863237489325392,0.11358841383891574,0.56
