Day,RMSTE,RMSRE,Accuracy
Day 19,0.0842503336868648,0.11432278975626257,0.74
