Day,RMSTE,RMSRE,Accuracy
Day 19,0.10860498128471448,0.1323480288153987,0.64
