Day,RMSTE,RMSRE,Accuracy
Day 19,0.0958234480576644,0.12214916024678443,0.78
