Day,RMSTE,RMSRE,Accuracy
Day 19,0.12223644068931439,0.14589009242332449,0.56
