Day,RMSTE,RMSRE,Accuracy
Day 19,0.09733447041776287,0.11436281622586421,0.64
