Day,RMSTE,RMSRE,Accuracy
Day 19,0.06751543227248517,0.08702773977496207,0.72
