Day,RMSTE,RMSRE,Accuracy
Day 19,0.09001836760535115,0.11249438765436494,0.74
