Day,RMSTE,RMSRE,Accuracy
Day 19,0.08552933136755056,0.10627164632588416,0.8
