Day,RMSTE,RMSRE,Accuracy
Day 19,0.10507109941535742,0.13062395238279464,0.66
