Day,RMSTE,RMSRE,Accuracy
Day 19,0.09508949405253543,0.12298172031468041,0.6
