Day,RMSTE,RMSRE,Accuracy
Day 19,0.08816511334636898,0.11479019042582245,0.7
