Day,RMSTE,RMSRE,Accuracy
Day 19,0.10077135918745457,0.12331625509447833,0.68
