Day,RMSTE,RMSRE,Accuracy
Day 19,0.0974588660884557,0.12533300050742371,0.52
