Day,RMSTE,RMSRE,Accuracy
Day 19,0.08340180907133815,0.10624707680042061,0.7
