Day,RMSTE,RMSRE,Accuracy
Day 19,0.10826058197494282,0.12926022630743725,0.62
