Day,RMSTE,RMSRE,Accuracy
Day 19,0.10060775978640871,0.11967706963036871,0.68
