Day,RMSTE,RMSRE,Accuracy
Day 19,0.09206106917857079,0.10898711981762432,0.58
