Day,RMSTE,RMSRE,Accuracy
Day 19,0.08889097927428874,0.10605218500374161,0.68
